,Event Weight
2_q1,0.3067837864501651
2_q2,0.12052220181970769
2_q3,0.07669594661254127
2_q4,0.04382625520716643
5_q1,0.04778836515653969
5_q2,0.01877400059721202
5_q3,0.011947091289134923
5_q4,0.0068269093080770985
10_q1,0.05992687380635144
10_q2,0.023542700423923778
10_q3,0.01498171845158786
10_q4,0.008560981972335919
25_q1,0.01276437981558324
25_q2,0.0050145777846934145
25_q3,0.00319109495389581
25_q4,0.0018234828307976054
50_q1,0.009555828942524887
50_q2,0.0037540756559919196
50_q3,0.0023889572356312217
50_q4,0.001365118420360698
100_q1,0.002356602691361971
100_q2,0.000925808200177917
100_q3,0.0005891506728404927
100_q4,0.00033665752733742435
200_q1,0.0030168149531816534
200_q2,0.0011851773030356495
200_q3,0.0007542037382954134
200_q4,0.00043097356474023615
500_q1,0.0006334918188308049
500_q2,0.0002488717859692448
500_q3,0.00015837295470770124
500_q4,9.049883126154357e-05
1000_q1,0.000481140091047113
1000_q2,0.00018901932148279437
1000_q3,0.00012028502276177825
1000_q4,6.873429872101614e-05
2000_q1,0.00011514749667538142
2000_q2,4.5236516551042695e-05
2000_q3,2.8786874168845355e-05
2000_q4,1.6449642382197343e-05
3000_q1,7.340243141777606e-05
3000_q2,2.8836669485554874e-05
3000_q3,1.8350607854444014e-05
3000_q4,1.0486061631110864e-05
9881_q1,0.00015135135135135137
9881_q2,5.945945945945946e-05
9881_q3,3.783783783783784e-05
9881_q4,2.162162162162162e-05
